表2  自由模型（模型B）14条结构路径系数（四类归类的显著性依据）,Unnamed: 1,Unnamed: 2,Unnamed: 3,Unnamed: 4,Unnamed: 5,Unnamed: 6
路径,非标准化B,S.E.,C.R.(z),p,标准化β,显著性
PC → NT,-0.02,0.105,-0.187,.852,-0.02,ns
FS → NT,-0.074,0.128,-0.578,.563,-0.056,ns
PFE → NT,0.45,0.134,3.363,***,0.346,***
WCE → NT,0.15,0.07,2.137,.033,0.154,*
PSC → NT,-0.026,0.094,-0.28,.780,-0.024,ns
PARV → NT,0.433,0.09,4.803,***,0.38,***
PC → ST,0.119,0.076,1.572,.116,0.155,ns
FS → ST,0.178,0.092,1.933,.053,0.176,ns
PFE → ST,0.542,0.103,5.24,***,0.538,***
WCE → ST,0.098,0.05,1.955,.051,0.13,ns
PSC → ST,-0.17,0.07,-2.436,.015,-0.198,*
PARV → ST,-0.007,0.056,-0.124,.901,-0.008,ns
NT → RI,0.308,0.067,4.581,***,0.359,***
ST → RI,0.283,0.085,3.348,***,0.255,***
