分析模型,"最终模型B（不预设轨道：6前因均同时预测NT、ST；NT、ST预测RI），χ²=1256.014, df=564, NPAR=102, N=274。"
R²口径,R²=1−结构残差方差/模型隐含总方差（AMOS AllImpliedCovariances对角线）。
β的95%CI,AMOS 31引擎原生Bootstrap，重复5000次、随机种子2026，逐样本取标准化直接效应；同时报告PC（百分位）与BC（偏差校正，主判据）。
显著性一致校验,非标准化解的p值显著性 与 BC95%CI是否含0 完全一致（14条路径无矛盾）。
HTMT口径,基于36个观测题项的题项相关矩阵计算异质-单质比率（题项层面统计，CFA与SEM下一致）；阈值<.85（严格）、<.90（宽松）。
信效度口径(分层),按论文方法学分层：测量层 CR/AVE/α/HTMT 统一由【最终CFA九因子测量模型】计算（9因子自由相关、不含任何结构路径，CFA χ²=1184.16/df=558）；SEM 模型B 只报告结构结果 β、p、CI、R²，两层不混用。CR=(Σλ)²/[(Σλ)²+Σ(1−λ²)]，AVE=Σλ²/k。CFA与模型B两版CR/AVE差异≤0.004、结论不变。
构念相关口径,Fornell-Larcker中的构念相关采用各构念题项均值（量表分）的Pearson相关。
诚实声明,PARV的AVE=0.491（CFA口径）略低于0.50常规线，但其CR=0.794>0.70、α=0.791，属临界可接受，已在表中如实标注，不做拔高。
题项方向,已核查9构念36题构念内相关全部为正（0.36–0.78），不存在需要重编码的反向题。
,
模型整体拟合,"χ²=1256.014, df=564, χ²/df=2.227（<3良好）；RMSEA=0.067（90%CI .062–.072，<.08可接受）；CFI=.862、TLI=.846、IFI=.864（处.85上下可接受区间，未达.90优秀线）；GFI=.780、AGFI=.740、RMR=.054。即χ²/df与RMSEA达标、CFI/TLI/GFI中等可接受，论文按实际值报告、不做拔高。"
方法学分层,CFA → 信效度（CR/AVE/α/HTMT/区分效度）；SEM Model B → 结构路径（β/p/95%CI/R²）。
