收口②  最终模型B 全部标准化结构路径 β 及 Bootstrap 95%CI（5000次，种子2026）,Unnamed: 1,Unnamed: 2,Unnamed: 3,Unnamed: 4,Unnamed: 5,Unnamed: 6,Unnamed: 7,Unnamed: 8,Unnamed: 9,Unnamed: 10,Unnamed: 11,Unnamed: 12
β为标准化系数；PC=百分位95%CI，BC=偏差校正95%CI（主判据，不含0即显著）；p为AMOS非标准化解。***p<.001。,,,,,,,,,,,,
结构方程,路径,前因中文,非标准化B,S.E.,C.R.,p,标准化β,PC 95%下限,PC 95%上限,BC 95%下限,BC 95%上限,显著性(BC)
因变量 = NT（神经信任）方程,,,,,,,,,,,,
NT方程,PC → NT,感知控制,-0.02,0.105,-0.187,.852,-0.02,-0.318,0.28,-0.324,0.269,不显著
NT方程,FS → NT,反馈稳定性,-0.074,0.128,-0.578,.563,-0.056,-0.283,0.169,-0.288,0.166,不显著
NT方程,PFE → NT,感知反馈可解释性,0.45,0.134,3.363,***,0.346,0.152,0.59,0.149,0.579,显著(+)
NT方程,WCE → NT,佩戴与校准体验,0.15,0.07,2.137,.033,0.154,0.004,0.301,0.008,0.303,显著(+)
NT方程,PSC → NT,隐私与监控担忧,-0.026,0.094,-0.28,.780,-0.024,-0.257,0.198,-0.24,0.214,不显著
NT方程,PARV → NT,感知注意力调节价值,0.433,0.09,4.803,***,0.38,0.207,0.548,0.209,0.55,显著(+)
因变量 = ST（系统信任）方程,,,,,,,,,,,,
ST方程,PC → ST,感知控制,0.119,0.076,1.572,.116,0.155,-0.11,0.411,-0.126,0.4,不显著
ST方程,FS → ST,反馈稳定性,0.178,0.092,1.933,.053,0.176,-0.144,0.422,-0.118,0.44,不显著
ST方程,PFE → ST,感知反馈可解释性,0.542,0.103,5.24,***,0.538,0.303,0.836,0.283,0.809,显著(+)
ST方程,WCE → ST,佩戴与校准体验,0.098,0.05,1.955,.051,0.13,-0.032,0.304,-0.03,0.306,不显著
ST方程,PSC → ST,隐私与监控担忧,-0.17,0.07,-2.436,.015,-0.198,-0.374,-0.026,-0.38,-0.031,显著(−)
ST方程,PARV → ST,感知注意力调节价值,-0.007,0.056,-0.124,.901,-0.008,-0.181,0.17,-0.174,0.176,不显著
因变量 = RI（再次使用意愿）方程,,,,,,,,,,,,
RI方程,NT → RI,神经信任NT,0.308,0.067,4.581,***,0.359,0.14,0.591,0.127,0.578,显著(+)
RI方程,ST → RI,系统信任ST,0.283,0.085,3.348,***,0.255,-0.002,0.492,0.006,0.502,显著(+)
