item,factor,std_load
Q10,NT,0.757234
Q11,NT,0.828078
Q12,ST,0.727878
Q13,PC,0.635726
Q14,ST,0.779046
Q15,NT,0.734732
Q16,NT,0.769314
Q17,PFE,0.847394
Q18,PFE,0.811864
Q19,PC,0.77152
Q20,ST,0.610722
Q21,PFE,0.70113
Q22,ST,0.718281
Q23,PC,0.704969
Q24,PSC,0.728445
Q25,PSC,0.755823
Q26,PSC,0.852699
Q27,PC,0.732857
Q28,PSC,0.60882
Q29,FS,0.812165
Q30,PARV,0.730419
Q31,PARV,0.738569
Q32,PARV,0.689109
Q33,PARV,0.641596
Q34,WCE,0.872056
Q35,FS,0.829123
Q36,PFE,0.686615
Q37,RI,0.745075
Q38,RI,0.807171
Q39,RI,0.842858
Q40,FS,0.684143
Q41,RI,0.664912
Q6,WCE,0.754297
Q7,WCE,0.722301
Q8,WCE,0.762097
Q9,FS,0.777624
