最终CFA测量模型 36题标准化因子载荷,Unnamed: 1,Unnamed: 2,Unnamed: 3
构念,中文名称,题项,标准化载荷
NT,神经信任,Q11,0.828
NT,神经信任,Q16,0.769
NT,神经信任,Q10（尺度锚题）,0.757
NT,神经信任,Q15,0.735
ST,系统信任,Q14,0.779
ST,系统信任,Q12,0.728
ST,系统信任,Q22（尺度锚题）,0.718
ST,系统信任,Q20,0.611
PC,感知控制,Q19,0.772
PC,感知控制,Q27（尺度锚题）,0.733
PC,感知控制,Q23,0.705
PC,感知控制,Q13,0.636
FS,反馈稳定性,Q35,0.829
FS,反馈稳定性,Q29,0.812
FS,反馈稳定性,Q9,0.778
FS,反馈稳定性,Q40（尺度锚题）,0.684
PFE,感知反馈可解释性,Q17,0.847
PFE,感知反馈可解释性,Q18,0.812
PFE,感知反馈可解释性,Q21,0.701
PFE,感知反馈可解释性,Q36（尺度锚题）,0.687
WCE,佩戴与校准体验,Q34（尺度锚题）,0.872
WCE,佩戴与校准体验,Q8,0.762
WCE,佩戴与校准体验,Q6,0.754
WCE,佩戴与校准体验,Q7,0.722
PSC,隐私与监控担忧,Q26,0.853
PSC,隐私与监控担忧,Q25,0.756
PSC,隐私与监控担忧,Q24,0.728
PSC,隐私与监控担忧,Q28（尺度锚题）,0.609
PARV,感知注意力调节价值,Q31,0.739
PARV,感知注意力调节价值,Q30,0.73
PARV,感知注意力调节价值,Q32,0.689
PARV,感知注意力调节价值,Q33（尺度锚题）,0.642
RI,再次使用意愿,Q39,0.843
RI,再次使用意愿,Q38,0.807
RI,再次使用意愿,Q37,0.745
RI,再次使用意愿,Q41（尺度锚题）,0.665
