最终测量/结构两层口径（冻结前统一整理）,Unnamed: 1
指标,数据来源 / 作用
Cronbach's α,最终274份原始问卷题项数据 → 内部一致性
CR 组合信度,最终CFA标准化因子载荷 → 组合信度
AVE 平均方差抽取,最终CFA标准化因子载荷 → 聚合（收敛）效度
HTMT,最终274份题项相关数据 → 区分效度
标准化因子载荷 / CFA拟合,最终CFA九因子测量模型（NT/ST分开，9因子自由相关、无结构路径）
分层顺序,① 最终CFA → α/CR/AVE/HTMT/载荷/CFA拟合 → 冻结测量模型；② SEM Model B → β/p/95%CI/R²/结构拟合/6组NT-ST路径差异 → 冻结SEM
SEM层不含,本表为测量层；结构路径β、p、95%CI、R²见《模型B收口_R2_路径CI_区分效度》，两层不混用
未重跑说明,沿用此前NT/ST分开的9因素CFA，274样本、36题未改，仅按该版CFA标准化载荷统一重算CR/AVE并配α、HTMT；与Model B载荷版差异≤.004、结论不变
PARV声明,AVE=.491临界（CR=.794、α=.791达标），如实标注
CFA拟合说明,χ²/df=2.122、RMSEA=.064达标；CFI=.875/TLI=.859/GFI=.790在.85上下，可接受但不夸大，论文中如实报告
