HTMT 异质-单质比率矩阵（基于274份题项相关，区分效度；阈值<.85严格/<.90宽松）,Unnamed: 1,Unnamed: 2,Unnamed: 3,Unnamed: 4,Unnamed: 5,Unnamed: 6,Unnamed: 7,Unnamed: 8,Unnamed: 9
构念,NT,ST,PC,FS,PFE,WCE,PSC,PARV,RI
NT,—,0.411,0.333,0.339,0.435,0.339,0.148,0.453,0.427
ST,0.411,—,0.515,0.583,0.713,0.419,0.258,0.203,0.359
PC,0.333,0.515,—,0.569,0.653,0.304,0.583,0.319,0.354
FS,0.339,0.583,0.569,—,0.701,0.467,0.38,0.311,0.39
PFE,0.435,0.713,0.653,0.701,—,0.374,0.508,0.256,0.392
WCE,0.339,0.419,0.304,0.467,0.374,—,0.102,0.228,0.237
PSC,0.148,0.258,0.583,0.38,0.508,0.102,—,0.054,0.109
PARV,0.453,0.203,0.319,0.311,0.256,0.228,0.054,—,0.702
RI,0.427,0.359,0.354,0.39,0.392,0.237,0.109,0.702,—
,,,,,,,,,
NT–ST 的 HTMT=.411，远低于.85；全部36对构念 HTMT 最大值=.713<.85，区分效度全面成立。,,,,,,,,,
