  6个前因对 NT / ST 的逐对路径差异检验（AMOS，N=274）,Unnamed: 1,Unnamed: 2,Unnamed: 3,Unnamed: 4,Unnamed: 5,Unnamed: 6,Unnamed: 7,Unnamed: 8,Unnamed: 9,Unnamed: 10,Unnamed: 11,Unnamed: 12
p<.05判定两条路径强度显著不同。标准化β与p取自自由模型。***p<.001。,,,,,,,,,,,,
前因,中文名称,"→NT
标准化β",→NT p,"→ST
标准化β",→ST p,约束模型χ²,Δχ²,Δdf,差异检验 p,差异显著?,β数值方向,四类归类
PC,感知控制,-0.02,.852,0.155,.116,1257.303,1.288,1,0.256329,不显著,数值上ST更强,不支持
FS,反馈稳定性,-0.056,.563,0.176,.053,1258.926,2.911,1,0.087969,不显著,数值上ST更强,不支持
PFE,感知反馈可解释性,0.346,***,0.538,***,1256.351,0.337,1,0.561703,不显著,数值上ST更强,双轨共享前因
WCE,佩戴与校准体验,0.154,.033,0.13,.051,1256.428,0.414,1,0.520085,不显著,数值上NT更强,不支持
PSC,隐私与监控担忧,-0.024,.780,-0.198,.015,1257.72,1.706,1,0.191558,不显著,数值上ST更强,不支持
PARV,感知注意力调节价值,0.38,***,-0.008,.901,1277.669,21.655,1,0.000003  (p<.001),显著不同,数值上NT更强,NT特异前因
,,,,,,,,,,,,
四类归类结果（按老师规则）：,,,,,,,,,,,,
"1.NT特异前因（对NT更强且差异显著）：PARV 感知注意力调节价值——只经一般信任NT传导(β=.380***)、对系统信任ST几乎无作用(β=-.008,ns)，Δχ²=21.655、p<.001，是唯一通过严格对差异检验的特异前因。",,,,,,,,,,,,
2.ST特异前因：无（没有前因满足“对ST显著更强且逐对差异显著”）。,,,,,,,,,,,,
"3.双轨共享前因（两边都显著、差异不显著）：PFE 感知反馈可解释性——对NT(β=.346***)与ST(β=.538***)均有强正向作用、强度差异不显著(Δχ²=.337,p=.562)，两条信任轨道等强共享。",,,,,,,,,,,,
"4.不支持：PC、FS、WCE、PSC。补充说明（供讨论，不改变归类）：PSC仅对ST显著负向(β=-.198,p=.015)、对NT不显著，方向上偏向“只削弱系统信任”，但逐对差异p=.192未达显著；WCE仅→NT显著(p=.033)、→ST边缘(p=.051)；FS→ST边缘(p=.053)；PC两条均不显著。",,,,,,,,,,,,
"与验证1呼应：6对同时约束的整体检验 Δχ²=26.069(df=6,p<.001)显著；逐对分解显示，整体“NT/ST双轨不同”主要由PARV这一对贡献（其单对Δχ²=21.655），其余5对单独检验均不显著。",,,,,,,,,,,,
